-- MySQL dump 10.13  Distrib 8.0.41, for Win64 (x86_64)
--
-- Host: localhost    Database: quanlibanhang
-- ------------------------------------------------------
-- Server version	8.0.41

/*!40101 SET @OLD_CHARACTER_SET_CLIENT=@@CHARACTER_SET_CLIENT */;
/*!40101 SET @OLD_CHARACTER_SET_RESULTS=@@CHARACTER_SET_RESULTS */;
/*!40101 SET @OLD_COLLATION_CONNECTION=@@COLLATION_CONNECTION */;
/*!50503 SET NAMES utf8 */;
/*!40103 SET @OLD_TIME_ZONE=@@TIME_ZONE */;
/*!40103 SET TIME_ZONE='+00:00' */;
/*!40014 SET @OLD_UNIQUE_CHECKS=@@UNIQUE_CHECKS, UNIQUE_CHECKS=0 */;
/*!40014 SET @OLD_FOREIGN_KEY_CHECKS=@@FOREIGN_KEY_CHECKS, FOREIGN_KEY_CHECKS=0 */;
/*!40101 SET @OLD_SQL_MODE=@@SQL_MODE, SQL_MODE='NO_AUTO_VALUE_ON_ZERO' */;
/*!40111 SET @OLD_SQL_NOTES=@@SQL_NOTES, SQL_NOTES=0 */;

--
-- Table structure for table `customer`
--

DROP TABLE IF EXISTS `customer`;
/*!40101 SET @saved_cs_client     = @@character_set_client */;
/*!50503 SET character_set_client = utf8mb4 */;
CREATE TABLE `customer` (
  `cID` int NOT NULL AUTO_INCREMENT,
  `cName` varchar(30) DEFAULT NULL,
  `cAge` int NOT NULL,
  PRIMARY KEY (`cID`)
) ENGINE=InnoDB AUTO_INCREMENT=7 DEFAULT CHARSET=utf8mb4 COLLATE=utf8mb4_0900_ai_ci;
/*!40101 SET character_set_client = @saved_cs_client */;

--
-- Dumping data for table `customer`
--

LOCK TABLES `customer` WRITE;
/*!40000 ALTER TABLE `customer` DISABLE KEYS */;
INSERT INTO `customer` VALUES (1,'Minh Quan',10),(2,'Ngoc Oanh',20),(3,'Hong Ha',50),(4,'Minh Quan',10),(5,'Ngoc Oanh',20),(6,'Hong Ha',50);
/*!40000 ALTER TABLE `customer` ENABLE KEYS */;
UNLOCK TABLES;

--
-- Table structure for table `orderdetail`
--

DROP TABLE IF EXISTS `orderdetail`;
/*!40101 SET @saved_cs_client     = @@character_set_client */;
/*!50503 SET character_set_client = utf8mb4 */;
CREATE TABLE `orderdetail` (
  `oID` int NOT NULL,
  `pID` int NOT NULL,
  `odQTY` int DEFAULT NULL,
  PRIMARY KEY (`oID`,`pID`),
  KEY `fk3` (`pID`),
  CONSTRAINT `fk2` FOREIGN KEY (`oID`) REFERENCES `orders` (`oID`),
  CONSTRAINT `fk3` FOREIGN KEY (`pID`) REFERENCES `product` (`pID`)
) ENGINE=InnoDB DEFAULT CHARSET=utf8mb4 COLLATE=utf8mb4_0900_ai_ci;
/*!40101 SET character_set_client = @saved_cs_client */;

--
-- Dumping data for table `orderdetail`
--

LOCK TABLES `orderdetail` WRITE;
/*!40000 ALTER TABLE `orderdetail` DISABLE KEYS */;
INSERT INTO `orderdetail` VALUES (1,1,3),(1,3,7),(1,4,2),(2,1,1),(2,3,3),(2,5,4),(3,1,8);
/*!40000 ALTER TABLE `orderdetail` ENABLE KEYS */;
UNLOCK TABLES;

--
-- Table structure for table `orders`
--

DROP TABLE IF EXISTS `orders`;
/*!40101 SET @saved_cs_client     = @@character_set_client */;
/*!50503 SET character_set_client = utf8mb4 */;
CREATE TABLE `orders` (
  `oID` int NOT NULL AUTO_INCREMENT,
  `cID` int NOT NULL,
  `oDate` datetime NOT NULL,
  `oTotalPrice` mediumint DEFAULT NULL,
  PRIMARY KEY (`oID`),
  KEY `fk1` (`cID`),
  CONSTRAINT `fk1` FOREIGN KEY (`cID`) REFERENCES `customer` (`cID`)
) ENGINE=InnoDB AUTO_INCREMENT=7 DEFAULT CHARSET=utf8mb4 COLLATE=utf8mb4_0900_ai_ci;
/*!40101 SET character_set_client = @saved_cs_client */;

--
-- Dumping data for table `orders`
--

LOCK TABLES `orders` WRITE;
/*!40000 ALTER TABLE `orders` DISABLE KEYS */;
INSERT INTO `orders` VALUES (1,1,'2006-03-21 00:00:00',60),(2,2,'2006-03-23 00:00:00',32),(3,1,'2006-03-16 00:00:00',24);
/*!40000 ALTER TABLE `orders` ENABLE KEYS */;
UNLOCK TABLES;

--
-- Table structure for table `product`
--

DROP TABLE IF EXISTS `product`;
/*!40101 SET @saved_cs_client     = @@character_set_client */;
/*!50503 SET character_set_client = utf8mb4 */;
CREATE TABLE `product` (
  `pID` int NOT NULL AUTO_INCREMENT,
  `pName` varchar(50) DEFAULT NULL,
  `pPrice` mediumint DEFAULT NULL,
  PRIMARY KEY (`pID`)
) ENGINE=InnoDB AUTO_INCREMENT=11 DEFAULT CHARSET=utf8mb4 COLLATE=utf8mb4_0900_ai_ci;
/*!40101 SET character_set_client = @saved_cs_client */;

--
-- Dumping data for table `product`
--

LOCK TABLES `product` WRITE;
/*!40000 ALTER TABLE `product` DISABLE KEYS */;
INSERT INTO `product` VALUES (1,'May Giat',3),(2,'Tu Lanh',5),(3,'Dieu Hoa',7),(4,'Quat',1),(5,'Bep Dien',2),(6,'May Giat',3),(7,'Tu Lanh',5),(8,'Dieu Hoa',7),(9,'Quat',1),(10,'Bep Dien',2);
/*!40000 ALTER TABLE `product` ENABLE KEYS */;
UNLOCK TABLES;
/*!40103 SET TIME_ZONE=@OLD_TIME_ZONE */;

/*!40101 SET SQL_MODE=@OLD_SQL_MODE */;
/*!40014 SET FOREIGN_KEY_CHECKS=@OLD_FOREIGN_KEY_CHECKS */;
/*!40014 SET UNIQUE_CHECKS=@OLD_UNIQUE_CHECKS */;
/*!40101 SET CHARACTER_SET_CLIENT=@OLD_CHARACTER_SET_CLIENT */;
/*!40101 SET CHARACTER_SET_RESULTS=@OLD_CHARACTER_SET_RESULTS */;
/*!40101 SET COLLATION_CONNECTION=@OLD_COLLATION_CONNECTION */;
/*!40111 SET SQL_NOTES=@OLD_SQL_NOTES */;

-- Dump completed on 2025-03-25  8:07:46
